Name,Paid,Worked,Attended,18+,CoC,Cabin Number,Decorated,Hours Worked,AP Earned,Role,UserID,Notes,TOTAL COUNT
Maggie Cleary (Holland),TRUE,TRUE,TRUE,TRUE,TRUE,,FALSE,2,10,player,13,trainee mod,39
Todd Ladrach,FALSE,FALSE,FALSE,TRUE,TRUE,,FALSE,,,player,14,,
Clay Westman,TRUE,TRUE,TRUE,TRUE,TRUE,,FALSE,2,10,player,3,tavern,
Matt Cunha,TRUE,TRUE,TRUE,TRUE,TRUE,,FALSE,2,10,player,5,"trainee mod, lost 1 essence (CID: 3)",
Kayla Loizzo,FALSE,FALSE,FALSE,TRUE,TRUE,,FALSE,,,player,20,,
Marcell Benevento,FALSE,FALSE,FALSE,TRUE,TRUE,,FALSE,,,player,21,,
(Randle) Gorbash Beachum,TRUE,TRUE,FALSE,TRUE,TRUE,,FALSE,,,player,7,,
Zephaniah Beachum,FALSE,FALSE,FALSE,FALSE,TRUE,,FALSE,,,player,50,,
Richard Loomis,TRUE,TRUE,TRUE,TRUE,TRUE,,FALSE,2.5,12,player,44,Monstered 2.5 hrs,
Gerald Shepherd,TRUE,TRUE,TRUE,TRUE,TRUE,,FALSE,2,10,player,53,monstered 2 hrs,
Aiden Smith,TRUE,TRUE,TRUE,TRUE,TRUE,,FALSE,2,15,player,51,"monstered 2 hrs, site clean-up ",
Shane Harrell ,TRUE,TRUE,TRUE,TRUE,TRUE,,FALSE,2,20,player,4,"medic, monstered 2 hrs",
Katie Daeke,TRUE,TRUE,TRUE,TRUE,TRUE,,FALSE,2.25,11,player,12,tavern,
Nicholas Parker,TRUE,TRUE,TRUE,TRUE,TRUE,,FALSE,2.5,12,player,72,"tavern, lost 1 essence (CID: 143)",
(Elliot) Nimue Meller,TRUE,TRUE,TRUE,TRUE,TRUE,,FALSE,2,10,player,74,tavern,
Michael Rodgers,TRUE,TRUE,TRUE,TRUE,TRUE,,FALSE,2.5,12,player,79,,
(Haley) Alitha Sotak,FALSE,FALSE,FALSE,TRUE,TRUE,,FALSE,,,player,75,,
William Carren,FALSE,FALSE,FALSE,TRUE,TRUE,,FALSE,,,player,77,,
Scott Benfield,TRUE,TRUE,TRUE,TRUE,TRUE,,FALSE,4,220,player,80,"donated 1,000 packets (200 AP), site clean-up",
Logan Hollander,FALSE,FALSE,FALSE,TRUE,TRUE,,FALSE,,,player,93,,
David Louder,TRUE,FALSE,FALSE,TRUE,TRUE,,FALSE,,,player,107,sick- roll ticket over to sept,
(Brianna) Iggy Kale,FALSE,FALSE,FALSE,TRUE,TRUE,,FALSE,,,player,123,,
(Lacey) Phayne Carrol,FALSE,FALSE,FALSE,TRUE,TRUE,,FALSE,,,player,117,,
Jacob Womack,FALSE,FALSE,FALSE,TRUE,TRUE,,FALSE,,,player,119,,
Grant Newton,FALSE,FALSE,FALSE,TRUE,TRUE,,FALSE,,,player,122,,
Eugene Smith,TRUE,TRUE,TRUE,TRUE,TRUE,,FALSE,2,10,player,125,monstered 2 hrs,
Gary Hunter,TRUE,TRUE,TRUE,TRUE,TRUE,,FALSE,2,10,player,120,monstered 2 hrs,
Zachary West,FALSE,FALSE,FALSE,TRUE,TRUE,,FALSE,,,player,121,,
Sam Beveridge,TRUE,TRUE,TRUE,TRUE,TRUE,,FALSE,2,10,player,106,monstered 2 hrs,
(Katelyn) Journey Ruggles,TRUE,TRUE,TRUE,TRUE,TRUE,,FALSE,2,10,player,124,tavern,
Corey Urciolo,FALSE,FALSE,FALSE,TRUE,TRUE,,FALSE,,,player,,,
Jacob Walton,FALSE,FALSE,FALSE,TRUE,TRUE,,FALSE,,,player,118,,
Gerald Judd,FALSE,FALSE,FALSE,TRUE,TRUE,,FALSE,,,player,102,,
Luke Young,TRUE,TRUE,TRUE,TRUE,TRUE,,FALSE,2,10,player,76,tavern,
Ethan King,FALSE,FALSE,FALSE,TRUE,TRUE,,FALSE,,,player,133,,
(Taylor) Louis Guillot,FALSE,FALSE,FALSE,TRUE,TRUE,,FALSE,,,player,132,,
(David) Taylor McFayden,FALSE,FALSE,FALSE,TRUE,TRUE,,FALSE,,,player,135,,
(Herman) Trey Roberts,TRUE,TRUE,TRUE,TRUE,TRUE,,FALSE,2,10,player,81,monstered 2 hrs,
Bethany Slifko,FALSE,FALSE,FALSE,TRUE,TRUE,,FALSE,,,player,136,,
Emma Schaefer,FALSE,FALSE,FALSE,TRUE,TRUE,,FALSE,,,player,55,,
Laurie Sanderson (Hannah Thompson),TRUE,TRUE,TRUE,TRUE,TRUE,,FALSE,2.5,12,player,134,monstered 2.5 hrs,
Weston Burns,TRUE,TRUE,TRUE,TRUE,TRUE,,FALSE,2,10,player,138,monstered 2 hrs,
,,,,,,,,,,,,,
,,,,,,,,,,,,,
,,,,,,,,,,,,,
(David) Touska Pautke ,TRUE,TRUE,TRUE,TRUE,TRUE,,FALSE,,120,staff,36,"plot flunky, medic",
Syth Hargis,TRUE,TRUE,TRUE,TRUE,TRUE,,FALSE,,120,staff,15,plot flunky,
Jessica Remick,TRUE,TRUE,TRUE,TRUE,TRUE,,FALSE,,140,staff,33,"plot flunky,trainee mod, 4 Hours site setup",
,,,,,,,,,,,,,
,,,,,,,,,,,,,
Michele Vasquez,FALSE,FALSE,FALSE,TRUE,TRUE,,FALSE,,,staff,61,,
Jonah Vasquez,TRUE,TRUE,TRUE,TRUE,TRUE,,FALSE,2,10,player,60,ran a mod,
Jessica Leonard (Archer),FALSE,FALSE,FALSE,TRUE,TRUE,,FALSE,,,staff,25,,
Cody Archer,TRUE,TRUE,TRUE,TRUE,TRUE,,FALSE,2,10,staff,17,ran a mod,
Robert Vasquez,FALSE,FALSE,FALSE,TRUE,TRUE,,FALSE,,,staff,26,,
Dasia Elswick,TRUE,TRUE,TRUE,TRUE,TRUE,,FALSE,2,10,staff,16,ran a mod,
Sarah Rivera,TRUE,TRUE,TRUE,TRUE,TRUE,,FALSE,2,10,staff,61,ran a mod,
Hannah Rivera,TRUE,TRUE,TRUE,TRUE,TRUE,,FALSE,2,10,staff,69,ran a mod,
Nate Kargher,TRUE,TRUE,TRUE,TRUE,TRUE,,FALSE,,140,story,6,"Storyteller, 4 Hours site setup",
,,,,,,,,,,,,,
,,,,,,,,,,,,,
Alyssa Warnock,TRUE,TRUE,TRUE,TRUE,TRUE,,FALSE,2,30,staff,24,4 Hours site Setup,
Galen Pischke,TRUE,TRUE,TRUE,TRUE,TRUE,,FALSE,9,55,staff,64,"medic, tavern",
AJ Eldred,TRUE,TRUE,TRUE,TRUE,TRUE,,FALSE,,120,story,39,"Head medic, Head of Plot",
,,,,,,,,,,,,,
,,,,,,,,,,,,,
Alex Winslow,TRUE,TRUE,TRUE,TRUE,TRUE,,FALSE,,120,story,65,Head of Tavern,
Tim Eldred,TRUE,TRUE,TRUE,TRUE,TRUE,,FALSE,,120,story,43,Storyteller,
AJ Thompson,TRUE,TRUE,TRUE,TRUE,TRUE,,FALSE,,120,story,9,Plot XO,
Eric West,TRUE,TRUE,TRUE,TRUE,TRUE,,FALSE,,120,story,1,Sysadmin,
Jon V,TRUE,TRUE,TRUE,TRUE,TRUE,,FALSE,4,20,player,68,"Marketing, ran a mod",
,,,,,,,,,,,,,
,,,,,,,,,,,,,
,,,,,,,,,,,,,
,,,,,,,,,,,,,
,FALSE,FALSE,FALSE,FALSE,FALSE,,FALSE,,,,,,
,FALSE,FALSE,FALSE,FALSE,FALSE,,FALSE,,,,,,
,FALSE,FALSE,FALSE,FALSE,FALSE,,FALSE,,,,,,
,FALSE,FALSE,FALSE,FALSE,FALSE,,FALSE,,,,,,
,FALSE,FALSE,FALSE,FALSE,FALSE,,FALSE,,,,,,
,FALSE,FALSE,FALSE,FALSE,FALSE,,FALSE,,,,,,
,FALSE,FALSE,FALSE,FALSE,FALSE,,FALSE,,,,,,
,FALSE,FALSE,FALSE,FALSE,FALSE,,FALSE,,,,,,
,FALSE,FALSE,FALSE,FALSE,FALSE,,FALSE,,,,,,
,FALSE,FALSE,FALSE,FALSE,FALSE,,FALSE,,,,,,
,FALSE,FALSE,FALSE,FALSE,FALSE,,FALSE,,,,,,
,FALSE,FALSE,FALSE,FALSE,FALSE,,FALSE,,,,,,
,FALSE,FALSE,FALSE,FALSE,FALSE,,FALSE,,,,,,
,FALSE,FALSE,FALSE,FALSE,FALSE,,FALSE,,,,,,
,FALSE,FALSE,FALSE,FALSE,FALSE,,FALSE,,,,,,
,FALSE,FALSE,FALSE,FALSE,FALSE,,FALSE,,,,,,
,FALSE,FALSE,FALSE,FALSE,FALSE,,FALSE,,,,,,
,FALSE,FALSE,FALSE,FALSE,FALSE,,FALSE,,,,,,
,FALSE,FALSE,FALSE,FALSE,FALSE,,FALSE,,,,,,
,FALSE,FALSE,FALSE,FALSE,FALSE,,FALSE,,,,,,
,FALSE,FALSE,FALSE,FALSE,FALSE,,FALSE,,,,,,
,FALSE,FALSE,FALSE,FALSE,FALSE,,FALSE,,,,,,
,FALSE,FALSE,FALSE,FALSE,FALSE,,FALSE,,,,,,
,FALSE,FALSE,FALSE,FALSE,FALSE,,FALSE,,,,,,
,FALSE,FALSE,FALSE,FALSE,FALSE,,FALSE,,,,,,
,FALSE,FALSE,FALSE,FALSE,FALSE,,FALSE,,,,,,
,FALSE,FALSE,FALSE,FALSE,FALSE,,FALSE,,,,,,
,FALSE,FALSE,FALSE,FALSE,FALSE,,FALSE,,,,,,
,FALSE,FALSE,FALSE,FALSE,FALSE,,FALSE,,,,,,
,FALSE,FALSE,FALSE,FALSE,FALSE,,FALSE,,,,,,
,FALSE,FALSE,FALSE,FALSE,FALSE,,FALSE,,,,,,
,FALSE,FALSE,FALSE,FALSE,FALSE,,FALSE,,,,,,
,FALSE,FALSE,FALSE,FALSE,FALSE,,FALSE,,,,,,
,FALSE,FALSE,FALSE,FALSE,FALSE,,FALSE,,,,,,
,FALSE,FALSE,FALSE,FALSE,FALSE,,FALSE,,,,,,
,FALSE,FALSE,FALSE,FALSE,FALSE,,FALSE,,,,,,
,FALSE,FALSE,FALSE,FALSE,FALSE,,FALSE,,,,,,
,FALSE,FALSE,FALSE,FALSE,FALSE,,FALSE,,,,,,
,FALSE,FALSE,FALSE,FALSE,FALSE,,FALSE,,,,,,
,FALSE,FALSE,FALSE,FALSE,FALSE,,FALSE,,,,,,
,FALSE,FALSE,FALSE,FALSE,FALSE,,FALSE,,,,,,
,FALSE,FALSE,FALSE,FALSE,FALSE,,FALSE,,,,,,
,FALSE,FALSE,FALSE,FALSE,FALSE,,FALSE,,,,,,
,FALSE,FALSE,FALSE,FALSE,FALSE,,FALSE,,,,,,
,FALSE,FALSE,FALSE,FALSE,FALSE,,FALSE,,,,,,
,FALSE,FALSE,FALSE,FALSE,FALSE,,FALSE,,,,,,
,FALSE,FALSE,FALSE,FALSE,FALSE,,FALSE,,,,,,
,FALSE,FALSE,FALSE,FALSE,FALSE,,FALSE,,,,,,
,FALSE,FALSE,FALSE,FALSE,FALSE,,FALSE,,,,,,
,FALSE,FALSE,FALSE,FALSE,FALSE,,FALSE,,,,,,
,FALSE,FALSE,FALSE,FALSE,FALSE,,FALSE,,,,,,
,FALSE,FALSE,FALSE,FALSE,FALSE,,FALSE,,,,,,
,FALSE,FALSE,FALSE,FALSE,FALSE,,FALSE,,,,,,
,FALSE,FALSE,FALSE,FALSE,FALSE,,FALSE,,,,,,
,FALSE,FALSE,FALSE,FALSE,FALSE,,FALSE,,,,,,
,FALSE,FALSE,FALSE,FALSE,FALSE,,FALSE,,,,,,
,FALSE,FALSE,FALSE,FALSE,FALSE,,FALSE,,,,,,
,FALSE,FALSE,FALSE,FALSE,FALSE,,FALSE,,,,,,
,FALSE,FALSE,FALSE,FALSE,FALSE,,FALSE,,,,,,
,FALSE,FALSE,FALSE,FALSE,FALSE,,FALSE,,,,,,
,FALSE,FALSE,FALSE,FALSE,FALSE,,FALSE,,,,,,
,FALSE,FALSE,FALSE,FALSE,FALSE,,FALSE,,,,,,
,FALSE,FALSE,FALSE,FALSE,FALSE,,FALSE,,,,,,
,FALSE,FALSE,FALSE,FALSE,FALSE,,FALSE,,,,,,
,FALSE,FALSE,FALSE,FALSE,FALSE,,FALSE,,,,,,
,FALSE,FALSE,FALSE,FALSE,FALSE,,FALSE,,,,,,
,FALSE,FALSE,FALSE,FALSE,FALSE,,FALSE,,,,,,
,FALSE,FALSE,FALSE,FALSE,FALSE,,FALSE,,,,,,
,FALSE,FALSE,FALSE,FALSE,FALSE,,FALSE,,,,,,
,FALSE,FALSE,FALSE,FALSE,FALSE,,FALSE,,,,,,
,FALSE,FALSE,FALSE,FALSE,FALSE,,FALSE,,,,,,
,FALSE,FALSE,FALSE,FALSE,FALSE,,FALSE,,,,,,
,FALSE,FALSE,FALSE,FALSE,FALSE,,FALSE,,,,,,
,FALSE,FALSE,FALSE,FALSE,FALSE,,FALSE,,,,,,
,FALSE,FALSE,FALSE,FALSE,FALSE,,FALSE,,,,,,
,FALSE,FALSE,FALSE,FALSE,FALSE,,FALSE,,,,,,
,FALSE,FALSE,FALSE,FALSE,FALSE,,FALSE,,,,,,
,FALSE,FALSE,FALSE,FALSE,FALSE,,FALSE,,,,,,
,FALSE,FALSE,FALSE,FALSE,FALSE,,FALSE,,,,,,
,FALSE,FALSE,FALSE,FALSE,FALSE,,FALSE,,,,,,
,FALSE,FALSE,FALSE,FALSE,FALSE,,FALSE,,,,,,
,FALSE,FALSE,FALSE,FALSE,FALSE,,FALSE,,,,,,
,FALSE,FALSE,FALSE,FALSE,FALSE,,FALSE,,,,,,
,FALSE,FALSE,FALSE,FALSE,FALSE,,FALSE,,,,,,
,FALSE,FALSE,FALSE,FALSE,FALSE,,FALSE,,,,,,
,FALSE,FALSE,FALSE,FALSE,FALSE,,FALSE,,,,,,
,FALSE,FALSE,FALSE,FALSE,FALSE,,FALSE,,,,,,
,FALSE,FALSE,FALSE,FALSE,FALSE,,FALSE,,,,,,
,FALSE,FALSE,FALSE,FALSE,FALSE,,FALSE,,,,,,
,FALSE,FALSE,FALSE,FALSE,FALSE,,FALSE,,,,,,
,FALSE,FALSE,FALSE,FALSE,FALSE,,FALSE,,,,,,
,FALSE,FALSE,FALSE,FALSE,FALSE,,FALSE,,,,,,
,FALSE,FALSE,FALSE,FALSE,FALSE,,FALSE,,,,,,
,FALSE,FALSE,FALSE,FALSE,FALSE,,FALSE,,,,,,
,FALSE,FALSE,FALSE,FALSE,FALSE,,FALSE,,,,,,
,FALSE,FALSE,FALSE,FALSE,FALSE,,FALSE,,,,,,
,FALSE,FALSE,FALSE,FALSE,FALSE,,FALSE,,,,,,
,FALSE,FALSE,FALSE,FALSE,FALSE,,FALSE,,,,,,
,FALSE,FALSE,FALSE,FALSE,FALSE,,FALSE,,,,,,
,FALSE,FALSE,FALSE,FALSE,FALSE,,FALSE,,,,,,
,FALSE,FALSE,FALSE,FALSE,FALSE,,FALSE,,,,,,
,FALSE,FALSE,FALSE,FALSE,FALSE,,FALSE,,,,,,
,FALSE,FALSE,FALSE,FALSE,FALSE,,FALSE,,,,,,
,FALSE,FALSE,FALSE,FALSE,FALSE,,FALSE,,,,,,
,FALSE,FALSE,FALSE,FALSE,FALSE,,FALSE,,,,,,
,FALSE,FALSE,FALSE,FALSE,FALSE,,FALSE,,,,,,
,FALSE,FALSE,FALSE,FALSE,FALSE,,FALSE,,,,,,
,FALSE,FALSE,FALSE,FALSE,FALSE,,FALSE,,,,,,
,FALSE,FALSE,FALSE,FALSE,FALSE,,FALSE,,,,,,
,FALSE,FALSE,FALSE,FALSE,FALSE,,FALSE,,,,,,
,FALSE,FALSE,FALSE,FALSE,FALSE,,FALSE,,,,,,
,FALSE,FALSE,FALSE,FALSE,FALSE,,FALSE,,,,,,
,FALSE,FALSE,FALSE,FALSE,FALSE,,FALSE,,,,,,
,FALSE,FALSE,FALSE,FALSE,FALSE,,FALSE,,,,,,
,FALSE,FALSE,FALSE,FALSE,FALSE,,FALSE,,,,,,
,FALSE,FALSE,FALSE,FALSE,FALSE,,FALSE,,,,,,
,FALSE,FALSE,FALSE,FALSE,FALSE,,FALSE,,,,,,
,FALSE,FALSE,FALSE,FALSE,FALSE,,FALSE,,,,,,
,FALSE,FALSE,FALSE,FALSE,FALSE,,FALSE,,,,,,
,FALSE,FALSE,FALSE,FALSE,FALSE,,FALSE,,,,,,
,FALSE,FALSE,FALSE,FALSE,FALSE,,FALSE,,,,,,
,FALSE,FALSE,FALSE,FALSE,FALSE,,FALSE,,,,,,
,FALSE,FALSE,FALSE,FALSE,FALSE,,FALSE,,,,,,
,FALSE,FALSE,FALSE,FALSE,FALSE,,FALSE,,,,,,
,FALSE,FALSE,FALSE,FALSE,FALSE,,FALSE,,,,,,
,FALSE,FALSE,FALSE,FALSE,FALSE,,FALSE,,,,,,
,FALSE,FALSE,FALSE,FALSE,FALSE,,FALSE,,,,,,
,FALSE,FALSE,FALSE,FALSE,FALSE,,FALSE,,,,,,
,FALSE,FALSE,FALSE,FALSE,FALSE,,FALSE,,,,,,
,FALSE,FALSE,FALSE,FALSE,FALSE,,FALSE,,,,,,
,FALSE,FALSE,FALSE,FALSE,FALSE,,FALSE,,,,,,
,FALSE,FALSE,FALSE,FALSE,FALSE,,FALSE,,,,,,
,FALSE,FALSE,FALSE,FALSE,FALSE,,FALSE,,,,,,
,FALSE,FALSE,FALSE,FALSE,FALSE,,FALSE,,,,,,
,FALSE,FALSE,FALSE,FALSE,FALSE,,FALSE,,,,,,
,FALSE,FALSE,FALSE,FALSE,FALSE,,FALSE,,,,,,
,FALSE,FALSE,FALSE,FALSE,FALSE,,FALSE,,,,,,
,FALSE,FALSE,FALSE,FALSE,FALSE,,FALSE,,,,,,
,FALSE,FALSE,FALSE,FALSE,FALSE,,FALSE,,,,,,
,FALSE,FALSE,FALSE,FALSE,FALSE,,FALSE,,,,,,
,FALSE,FALSE,FALSE,FALSE,FALSE,,FALSE,,,,,,
,FALSE,FALSE,FALSE,FALSE,FALSE,,FALSE,,,,,,
,FALSE,FALSE,FALSE,FALSE,FALSE,,FALSE,,,,,,
,FALSE,FALSE,FALSE,FALSE,FALSE,,FALSE,,,,,,
,FALSE,FALSE,FALSE,FALSE,FALSE,,FALSE,,,,,,
,FALSE,FALSE,FALSE,FALSE,FALSE,,FALSE,,,,,,
,FALSE,FALSE,FALSE,FALSE,FALSE,,FALSE,,,,,,
,FALSE,FALSE,FALSE,FALSE,FALSE,,FALSE,,,,,,
,FALSE,FALSE,FALSE,FALSE,FALSE,,FALSE,,,,,,
,FALSE,FALSE,FALSE,FALSE,FALSE,,FALSE,,,,,,
,FALSE,FALSE,FALSE,FALSE,FALSE,,FALSE,,,,,,
,FALSE,FALSE,FALSE,FALSE,FALSE,,FALSE,,,,,,
,FALSE,FALSE,FALSE,FALSE,FALSE,,FALSE,,,,,,
,FALSE,FALSE,FALSE,FALSE,FALSE,,FALSE,,,,,,
,FALSE,FALSE,FALSE,FALSE,FALSE,,FALSE,,,,,,
,FALSE,FALSE,FALSE,FALSE,FALSE,,FALSE,,,,,,
,FALSE,FALSE,FALSE,FALSE,FALSE,,FALSE,,,,,,
,FALSE,FALSE,FALSE,FALSE,FALSE,,FALSE,,,,,,
,FALSE,FALSE,FALSE,FALSE,FALSE,,FALSE,,,,,,
,FALSE,FALSE,FALSE,FALSE,FALSE,,FALSE,,,,,,
,FALSE,FALSE,FALSE,FALSE,FALSE,,FALSE,,,,,,
,FALSE,FALSE,FALSE,FALSE,FALSE,,FALSE,,,,,,
,FALSE,FALSE,FALSE,FALSE,FALSE,,FALSE,,,,,,
,FALSE,FALSE,FALSE,FALSE,FALSE,,FALSE,,,,,,
,FALSE,FALSE,FALSE,FALSE,FALSE,,FALSE,,,,,,
,FALSE,FALSE,FALSE,FALSE,FALSE,,FALSE,,,,,,
,FALSE,FALSE,FALSE,FALSE,FALSE,,FALSE,,,,,,
,FALSE,FALSE,FALSE,FALSE,FALSE,,FALSE,,,,,,
,FALSE,FALSE,FALSE,FALSE,FALSE,,FALSE,,,,,,
,FALSE,FALSE,FALSE,FALSE,FALSE,,FALSE,,,,,,
,FALSE,FALSE,FALSE,FALSE,FALSE,,FALSE,,,,,,
,FALSE,FALSE,FALSE,FALSE,FALSE,,FALSE,,,,,,
,FALSE,FALSE,FALSE,FALSE,FALSE,,FALSE,,,,,,
,FALSE,FALSE,FALSE,FALSE,FALSE,,FALSE,,,,,,
,FALSE,FALSE,FALSE,FALSE,FALSE,,FALSE,,,,,,
,FALSE,FALSE,FALSE,FALSE,FALSE,,FALSE,,,,,,
,FALSE,FALSE,FALSE,FALSE,FALSE,,FALSE,,,,,,
,FALSE,FALSE,FALSE,FALSE,FALSE,,FALSE,,,,,,
,FALSE,FALSE,FALSE,FALSE,FALSE,,FALSE,,,,,,
,FALSE,FALSE,FALSE,FALSE,FALSE,,FALSE,,,,,,
,FALSE,FALSE,FALSE,FALSE,FALSE,,FALSE,,,,,,
,FALSE,FALSE,FALSE,FALSE,FALSE,,FALSE,,,,,,
,FALSE,FALSE,FALSE,FALSE,FALSE,,FALSE,,,,,,
,FALSE,FALSE,FALSE,FALSE,FALSE,,FALSE,,,,,,
,FALSE,FALSE,FALSE,FALSE,FALSE,,FALSE,,,,,,
,FALSE,FALSE,FALSE,FALSE,FALSE,,FALSE,,,,,,
,FALSE,FALSE,FALSE,FALSE,FALSE,,FALSE,,,,,,
,FALSE,FALSE,FALSE,FALSE,FALSE,,FALSE,,,,,,
,FALSE,FALSE,FALSE,FALSE,FALSE,,FALSE,,,,,,
,FALSE,FALSE,FALSE,FALSE,FALSE,,FALSE,,,,,,
,FALSE,FALSE,FALSE,FALSE,FALSE,,FALSE,,,,,,
,FALSE,FALSE,FALSE,FALSE,FALSE,,FALSE,,,,,,
,FALSE,FALSE,FALSE,FALSE,FALSE,,FALSE,,,,,,
,FALSE,FALSE,FALSE,FALSE,FALSE,,FALSE,,,,,,
,FALSE,FALSE,FALSE,FALSE,FALSE,,FALSE,,,,,,
,FALSE,FALSE,FALSE,FALSE,FALSE,,FALSE,,,,,,
,FALSE,FALSE,FALSE,FALSE,FALSE,,FALSE,,,,,,
,FALSE,FALSE,FALSE,FALSE,FALSE,,FALSE,,,,,,
,FALSE,FALSE,FALSE,FALSE,FALSE,,FALSE,,,,,,
,FALSE,FALSE,FALSE,FALSE,FALSE,,FALSE,,,,,,
,FALSE,FALSE,FALSE,FALSE,FALSE,,FALSE,,,,,,
,FALSE,FALSE,FALSE,FALSE,FALSE,,FALSE,,,,,,
,FALSE,FALSE,FALSE,FALSE,FALSE,,FALSE,,,,,,
,FALSE,FALSE,FALSE,FALSE,FALSE,,FALSE,,,,,,
,FALSE,FALSE,FALSE,FALSE,FALSE,,FALSE,,,,,,
,FALSE,FALSE,FALSE,FALSE,FALSE,,FALSE,,,,,,
,FALSE,FALSE,FALSE,FALSE,FALSE,,FALSE,,,,,,
,FALSE,FALSE,FALSE,FALSE,FALSE,,FALSE,,,,,,
,FALSE,FALSE,FALSE,FALSE,FALSE,,FALSE,,,,,,
,FALSE,FALSE,FALSE,FALSE,FALSE,,FALSE,,,,,,
,FALSE,FALSE,FALSE,FALSE,FALSE,,FALSE,,,,,,
,FALSE,FALSE,FALSE,FALSE,FALSE,,FALSE,,,,,,
,FALSE,FALSE,FALSE,FALSE,FALSE,,FALSE,,,,,,
,FALSE,FALSE,FALSE,FALSE,FALSE,,FALSE,,,,,,
,FALSE,FALSE,FALSE,FALSE,FALSE,,FALSE,,,,,,
,FALSE,FALSE,FALSE,FALSE,FALSE,,FALSE,,,,,,
,FALSE,FALSE,FALSE,FALSE,FALSE,,FALSE,,,,,,
,FALSE,FALSE,FALSE,FALSE,FALSE,,FALSE,,,,,,
,FALSE,FALSE,FALSE,FALSE,FALSE,,FALSE,,,,,,
,FALSE,FALSE,FALSE,FALSE,FALSE,,FALSE,,,,,,
,FALSE,FALSE,FALSE,FALSE,FALSE,,FALSE,,,,,,
,FALSE,FALSE,FALSE,FALSE,FALSE,,FALSE,,,,,,
,FALSE,FALSE,FALSE,FALSE,FALSE,,FALSE,,,,,,
,FALSE,FALSE,FALSE,FALSE,FALSE,,FALSE,,,,,,
,FALSE,FALSE,FALSE,FALSE,FALSE,,FALSE,,,,,,
,FALSE,FALSE,FALSE,FALSE,FALSE,,FALSE,,,,,,
,FALSE,FALSE,FALSE,FALSE,FALSE,,FALSE,,,,,,
,FALSE,FALSE,FALSE,FALSE,FALSE,,FALSE,,,,,,
,FALSE,FALSE,FALSE,FALSE,FALSE,,FALSE,,,,,,
,FALSE,FALSE,FALSE,FALSE,FALSE,,FALSE,,,,,,
,FALSE,FALSE,FALSE,FALSE,FALSE,,FALSE,,,,,,
,FALSE,FALSE,FALSE,FALSE,FALSE,,FALSE,,,,,,
,FALSE,FALSE,FALSE,FALSE,FALSE,,FALSE,,,,,,
,FALSE,FALSE,FALSE,FALSE,FALSE,,FALSE,,,,,,
,FALSE,FALSE,FALSE,FALSE,FALSE,,FALSE,,,,,,
,FALSE,FALSE,FALSE,FALSE,FALSE,,FALSE,,,,,,
,FALSE,FALSE,FALSE,FALSE,FALSE,,FALSE,,,,,,
,FALSE,FALSE,FALSE,FALSE,FALSE,,FALSE,,,,,,
,FALSE,FALSE,FALSE,FALSE,FALSE,,FALSE,,,,,,
,FALSE,FALSE,FALSE,FALSE,FALSE,,FALSE,,,,,,
,FALSE,FALSE,FALSE,FALSE,FALSE,,FALSE,,,,,,
,FALSE,FALSE,FALSE,FALSE,FALSE,,FALSE,,,,,,
,FALSE,FALSE,FALSE,FALSE,FALSE,,FALSE,,,,,,
,FALSE,FALSE,FALSE,FALSE,FALSE,,FALSE,,,,,,
,FALSE,FALSE,FALSE,FALSE,FALSE,,FALSE,,,,,,
,FALSE,FALSE,FALSE,FALSE,FALSE,,FALSE,,,,,,
,FALSE,FALSE,FALSE,FALSE,FALSE,,FALSE,,,,,,
,FALSE,FALSE,FALSE,FALSE,FALSE,,FALSE,,,,,,
,FALSE,FALSE,FALSE,FALSE,FALSE,,FALSE,,,,,,
,FALSE,FALSE,FALSE,FALSE,FALSE,,FALSE,,,,,,
,FALSE,FALSE,FALSE,FALSE,FALSE,,FALSE,,,,,,
,FALSE,FALSE,FALSE,FALSE,FALSE,,FALSE,,,,,,
,FALSE,FALSE,FALSE,FALSE,FALSE,,FALSE,,,,,,
,FALSE,FALSE,FALSE,FALSE,FALSE,,FALSE,,,,,,
,FALSE,FALSE,FALSE,FALSE,FALSE,,FALSE,,,,,,
,FALSE,FALSE,FALSE,FALSE,FALSE,,FALSE,,,,,,
,FALSE,FALSE,FALSE,FALSE,FALSE,,FALSE,,,,,,
,FALSE,FALSE,FALSE,FALSE,FALSE,,FALSE,,,,,,
,FALSE,FALSE,FALSE,FALSE,FALSE,,FALSE,,,,,,
,FALSE,FALSE,FALSE,FALSE,FALSE,,FALSE,,,,,,
,FALSE,FALSE,FALSE,FALSE,FALSE,,FALSE,,,,,,
,FALSE,FALSE,FALSE,FALSE,FALSE,,FALSE,,,,,,
,FALSE,FALSE,FALSE,FALSE,FALSE,,FALSE,,,,,,
,FALSE,FALSE,FALSE,FALSE,FALSE,,FALSE,,,,,,
,FALSE,FALSE,FALSE,FALSE,FALSE,,FALSE,,,,,,
,FALSE,FALSE,FALSE,FALSE,FALSE,,FALSE,,,,,,
,FALSE,FALSE,FALSE,FALSE,FALSE,,FALSE,,,,,,
,FALSE,FALSE,FALSE,FALSE,FALSE,,FALSE,,,,,,
,FALSE,FALSE,FALSE,FALSE,FALSE,,FALSE,,,,,,
,FALSE,FALSE,FALSE,FALSE,FALSE,,FALSE,,,,,,
,FALSE,FALSE,FALSE,FALSE,FALSE,,FALSE,,,,,,
,FALSE,FALSE,FALSE,FALSE,FALSE,,FALSE,,,,,,
,FALSE,FALSE,FALSE,FALSE,FALSE,,FALSE,,,,,,
,FALSE,FALSE,FALSE,FALSE,FALSE,,FALSE,,,,,,
,FALSE,FALSE,FALSE,FALSE,FALSE,,FALSE,,,,,,
,FALSE,FALSE,FALSE,FALSE,FALSE,,FALSE,,,,,,
,FALSE,FALSE,FALSE,FALSE,FALSE,,FALSE,,,,,,
,FALSE,FALSE,FALSE,FALSE,FALSE,,FALSE,,,,,,
,FALSE,FALSE,FALSE,FALSE,FALSE,,FALSE,,,,,,
,FALSE,FALSE,FALSE,FALSE,FALSE,,FALSE,,,,,,
,FALSE,FALSE,FALSE,FALSE,FALSE,,FALSE,,,,,,
,FALSE,FALSE,FALSE,FALSE,FALSE,,FALSE,,,,,,
,FALSE,FALSE,FALSE,FALSE,FALSE,,FALSE,,,,,,
,FALSE,FALSE,FALSE,FALSE,FALSE,,FALSE,,,,,,
,FALSE,FALSE,FALSE,FALSE,FALSE,,FALSE,,,,,,
,FALSE,FALSE,FALSE,FALSE,FALSE,,FALSE,,,,,,
,FALSE,FALSE,FALSE,FALSE,FALSE,,FALSE,,,,,,
,FALSE,FALSE,FALSE,FALSE,FALSE,,FALSE,,,,,,
,FALSE,FALSE,FALSE,FALSE,FALSE,,FALSE,,,,,,
,FALSE,FALSE,FALSE,FALSE,FALSE,,FALSE,,,,,,
,FALSE,FALSE,FALSE,FALSE,FALSE,,FALSE,,,,,,
,FALSE,FALSE,FALSE,FALSE,FALSE,,FALSE,,,,,,
,FALSE,FALSE,FALSE,FALSE,FALSE,,FALSE,,,,,,
,FALSE,FALSE,FALSE,FALSE,FALSE,,FALSE,,,,,,
,FALSE,FALSE,FALSE,FALSE,FALSE,,FALSE,,,,,,
,FALSE,FALSE,FALSE,FALSE,FALSE,,FALSE,,,,,,
,FALSE,FALSE,FALSE,FALSE,FALSE,,FALSE,,,,,,
,FALSE,FALSE,FALSE,FALSE,FALSE,,FALSE,,,,,,
,FALSE,FALSE,FALSE,FALSE,FALSE,,FALSE,,,,,,
,FALSE,FALSE,FALSE,FALSE,FALSE,,FALSE,,,,,,
,FALSE,FALSE,FALSE,FALSE,FALSE,,FALSE,,,,,,
,FALSE,FALSE,FALSE,FALSE,FALSE,,FALSE,,,,,,
,FALSE,FALSE,FALSE,FALSE,FALSE,,FALSE,,,,,,
,FALSE,FALSE,FALSE,FALSE,FALSE,,FALSE,,,,,,
,FALSE,FALSE,FALSE,FALSE,FALSE,,FALSE,,,,,,
,FALSE,FALSE,FALSE,FALSE,FALSE,,FALSE,,,,,,
,FALSE,FALSE,FALSE,FALSE,FALSE,,FALSE,,,,,,
,FALSE,FALSE,FALSE,FALSE,FALSE,,FALSE,,,,,,
,FALSE,FALSE,FALSE,FALSE,FALSE,,FALSE,,,,,,
,FALSE,FALSE,FALSE,FALSE,FALSE,,FALSE,,,,,,
,FALSE,FALSE,FALSE,FALSE,FALSE,,FALSE,,,,,,
,FALSE,FALSE,FALSE,FALSE,FALSE,,FALSE,,,,,,
,FALSE,FALSE,FALSE,FALSE,FALSE,,FALSE,,,,,,
,FALSE,FALSE,FALSE,FALSE,FALSE,,FALSE,,,,,,
,FALSE,FALSE,FALSE,FALSE,FALSE,,FALSE,,,,,,
,FALSE,FALSE,FALSE,FALSE,FALSE,,FALSE,,,,,,
,FALSE,FALSE,FALSE,FALSE,FALSE,,FALSE,,,,,,
,FALSE,FALSE,FALSE,FALSE,FALSE,,FALSE,,,,,,
,FALSE,FALSE,FALSE,FALSE,FALSE,,FALSE,,,,,,
,FALSE,FALSE,FALSE,FALSE,FALSE,,FALSE,,,,,,
,FALSE,FALSE,FALSE,FALSE,FALSE,,FALSE,,,,,,
,FALSE,FALSE,FALSE,FALSE,FALSE,,FALSE,,,,,,
,FALSE,FALSE,FALSE,FALSE,FALSE,,FALSE,,,,,,
,FALSE,FALSE,FALSE,FALSE,FALSE,,FALSE,,,,,,
,FALSE,FALSE,FALSE,FALSE,FALSE,,FALSE,,,,,,
,FALSE,FALSE,FALSE,FALSE,FALSE,,FALSE,,,,,,
,FALSE,FALSE,FALSE,FALSE,FALSE,,FALSE,,,,,,
,FALSE,FALSE,FALSE,FALSE,FALSE,,FALSE,,,,,,
,FALSE,FALSE,FALSE,FALSE,FALSE,,FALSE,,,,,,
,FALSE,FALSE,FALSE,FALSE,FALSE,,FALSE,,,,,,
,FALSE,FALSE,FALSE,FALSE,FALSE,,FALSE,,,,,,
,FALSE,FALSE,FALSE,FALSE,FALSE,,FALSE,,,,,,
,FALSE,FALSE,FALSE,FALSE,FALSE,,FALSE,,,,,,
,FALSE,FALSE,FALSE,FALSE,FALSE,,FALSE,,,,,,
,FALSE,FALSE,FALSE,FALSE,FALSE,,FALSE,,,,,,
,FALSE,FALSE,FALSE,FALSE,FALSE,,FALSE,,,,,,
,FALSE,FALSE,FALSE,FALSE,FALSE,,FALSE,,,,,,
,FALSE,FALSE,FALSE,FALSE,FALSE,,FALSE,,,,,,
,FALSE,FALSE,FALSE,FALSE,FALSE,,FALSE,,,,,,
,FALSE,FALSE,FALSE,FALSE,FALSE,,FALSE,,,,,,
,FALSE,FALSE,FALSE,FALSE,FALSE,,FALSE,,,,,,
,FALSE,FALSE,FALSE,FALSE,FALSE,,FALSE,,,,,,
,FALSE,FALSE,FALSE,FALSE,FALSE,,FALSE,,,,,,
,FALSE,FALSE,FALSE,FALSE,FALSE,,FALSE,,,,,,
,FALSE,FALSE,FALSE,FALSE,FALSE,,FALSE,,,,,,
,FALSE,FALSE,FALSE,FALSE,FALSE,,FALSE,,,,,,
,FALSE,FALSE,FALSE,FALSE,FALSE,,FALSE,,,,,,
,FALSE,FALSE,FALSE,FALSE,FALSE,,FALSE,,,,,,
,FALSE,FALSE,FALSE,FALSE,FALSE,,FALSE,,,,,,
,FALSE,FALSE,FALSE,FALSE,FALSE,,FALSE,,,,,,
,FALSE,FALSE,FALSE,FALSE,FALSE,,FALSE,,,,,,
,FALSE,FALSE,FALSE,FALSE,FALSE,,FALSE,,,,,,
,FALSE,FALSE,FALSE,FALSE,FALSE,,FALSE,,,,,,
,FALSE,FALSE,FALSE,FALSE,FALSE,,FALSE,,,,,,
,FALSE,FALSE,FALSE,FALSE,FALSE,,FALSE,,,,,,
,FALSE,FALSE,FALSE,FALSE,FALSE,,FALSE,,,,,,
,FALSE,FALSE,FALSE,FALSE,FALSE,,FALSE,,,,,,
,FALSE,FALSE,FALSE,FALSE,FALSE,,FALSE,,,,,,
,FALSE,FALSE,FALSE,FALSE,FALSE,,FALSE,,,,,,
,FALSE,FALSE,FALSE,FALSE,FALSE,,FALSE,,,,,,
,FALSE,FALSE,FALSE,FALSE,FALSE,,FALSE,,,,,,
,FALSE,FALSE,FALSE,FALSE,FALSE,,FALSE,,,,,,
,FALSE,FALSE,FALSE,FALSE,FALSE,,FALSE,,,,,,
,FALSE,FALSE,FALSE,FALSE,FALSE,,FALSE,,,,,,
,FALSE,FALSE,FALSE,FALSE,FALSE,,FALSE,,,,,,
,FALSE,FALSE,FALSE,FALSE,FALSE,,FALSE,,,,,,
,FALSE,FALSE,FALSE,FALSE,FALSE,,FALSE,,,,,,
,FALSE,FALSE,FALSE,FALSE,FALSE,,FALSE,,,,,,
,FALSE,FALSE,FALSE,FALSE,FALSE,,FALSE,,,,,,
,FALSE,FALSE,FALSE,FALSE,FALSE,,FALSE,,,,,,
,FALSE,FALSE,FALSE,FALSE,FALSE,,FALSE,,,,,,
,FALSE,FALSE,FALSE,FALSE,FALSE,,FALSE,,,,,,
,FALSE,FALSE,FALSE,FALSE,FALSE,,FALSE,,,,,,
,FALSE,FALSE,FALSE,FALSE,FALSE,,FALSE,,,,,,
,FALSE,FALSE,FALSE,FALSE,FALSE,,FALSE,,,,,,
,FALSE,FALSE,FALSE,FALSE,FALSE,,FALSE,,,,,,
,FALSE,FALSE,FALSE,FALSE,FALSE,,FALSE,,,,,,
,FALSE,FALSE,FALSE,FALSE,FALSE,,FALSE,,,,,,
,FALSE,FALSE,FALSE,FALSE,FALSE,,FALSE,,,,,,
,FALSE,FALSE,FALSE,FALSE,FALSE,,FALSE,,,,,,
,FALSE,FALSE,FALSE,FALSE,FALSE,,FALSE,,,,,,
,FALSE,FALSE,FALSE,FALSE,FALSE,,FALSE,,,,,,
,FALSE,FALSE,FALSE,FALSE,FALSE,,FALSE,,,,,,
,FALSE,FALSE,FALSE,FALSE,FALSE,,FALSE,,,,,,
,FALSE,FALSE,FALSE,FALSE,FALSE,,FALSE,,,,,,
,FALSE,FALSE,FALSE,FALSE,FALSE,,FALSE,,,,,,
,FALSE,FALSE,FALSE,FALSE,FALSE,,FALSE,,,,,,
,FALSE,FALSE,FALSE,FALSE,FALSE,,FALSE,,,,,,
,FALSE,FALSE,FALSE,FALSE,FALSE,,FALSE,,,,,,
,FALSE,FALSE,FALSE,FALSE,FALSE,,FALSE,,,,,,
,FALSE,FALSE,FALSE,FALSE,FALSE,,FALSE,,,,,,
,FALSE,FALSE,FALSE,FALSE,FALSE,,FALSE,,,,,,
,FALSE,FALSE,FALSE,FALSE,FALSE,,FALSE,,,,,,
,FALSE,FALSE,FALSE,FALSE,FALSE,,FALSE,,,,,,
,FALSE,FALSE,FALSE,FALSE,FALSE,,FALSE,,,,,,
,FALSE,FALSE,FALSE,FALSE,FALSE,,FALSE,,,,,,
,FALSE,FALSE,FALSE,FALSE,FALSE,,FALSE,,,,,,
,FALSE,FALSE,FALSE,FALSE,FALSE,,FALSE,,,,,,
,FALSE,FALSE,FALSE,FALSE,FALSE,,FALSE,,,,,,
,FALSE,FALSE,FALSE,FALSE,FALSE,,FALSE,,,,,,
,FALSE,FALSE,FALSE,FALSE,FALSE,,FALSE,,,,,,
,FALSE,FALSE,FALSE,FALSE,FALSE,,FALSE,,,,,,
,FALSE,FALSE,FALSE,FALSE,FALSE,,FALSE,,,,,,
,FALSE,FALSE,FALSE,FALSE,FALSE,,FALSE,,,,,,
,FALSE,FALSE,FALSE,FALSE,FALSE,,FALSE,,,,,,
,FALSE,FALSE,FALSE,FALSE,FALSE,,FALSE,,,,,,
,FALSE,FALSE,FALSE,FALSE,FALSE,,FALSE,,,,,,
,FALSE,FALSE,FALSE,FALSE,FALSE,,FALSE,,,,,,
,FALSE,FALSE,FALSE,FALSE,FALSE,,FALSE,,,,,,
,FALSE,FALSE,FALSE,FALSE,FALSE,,FALSE,,,,,,
,FALSE,FALSE,FALSE,FALSE,FALSE,,FALSE,,,,,,
,FALSE,FALSE,FALSE,FALSE,FALSE,,FALSE,,,,,,
,FALSE,FALSE,FALSE,FALSE,FALSE,,FALSE,,,,,,
,FALSE,FALSE,FALSE,FALSE,FALSE,,FALSE,,,,,,
,FALSE,FALSE,FALSE,FALSE,FALSE,,FALSE,,,,,,
,FALSE,FALSE,FALSE,FALSE,FALSE,,FALSE,,,,,,
,FALSE,FALSE,FALSE,FALSE,FALSE,,FALSE,,,,,,
,FALSE,FALSE,FALSE,FALSE,FALSE,,FALSE,,,,,,
,FALSE,FALSE,FALSE,FALSE,FALSE,,FALSE,,,,,,
,FALSE,FALSE,FALSE,FALSE,FALSE,,FALSE,,,,,,
,FALSE,FALSE,FALSE,FALSE,FALSE,,FALSE,,,,,,
,FALSE,FALSE,FALSE,FALSE,FALSE,,FALSE,,,,,,
,FALSE,FALSE,FALSE,FALSE,FALSE,,FALSE,,,,,,
,FALSE,FALSE,FALSE,FALSE,FALSE,,FALSE,,,,,,
,FALSE,FALSE,FALSE,FALSE,FALSE,,FALSE,,,,,,
,FALSE,FALSE,FALSE,FALSE,FALSE,,FALSE,,,,,,
,FALSE,FALSE,FALSE,FALSE,FALSE,,FALSE,,,,,,
,FALSE,FALSE,FALSE,FALSE,FALSE,,FALSE,,,,,,
,FALSE,FALSE,FALSE,FALSE,FALSE,,FALSE,,,,,,
,FALSE,FALSE,FALSE,FALSE,FALSE,,FALSE,,,,,,
,FALSE,FALSE,FALSE,FALSE,FALSE,,FALSE,,,,,,
,FALSE,FALSE,FALSE,FALSE,FALSE,,FALSE,,,,,,
,FALSE,FALSE,FALSE,FALSE,FALSE,,FALSE,,,,,,
,FALSE,FALSE,FALSE,FALSE,FALSE,,FALSE,,,,,,
,FALSE,FALSE,FALSE,FALSE,FALSE,,FALSE,,,,,,
,FALSE,FALSE,FALSE,FALSE,FALSE,,FALSE,,,,,,
,FALSE,FALSE,FALSE,FALSE,FALSE,,FALSE,,,,,,
,FALSE,FALSE,FALSE,FALSE,FALSE,,FALSE,,,,,,
,FALSE,FALSE,FALSE,FALSE,FALSE,,FALSE,,,,,,
,FALSE,FALSE,FALSE,FALSE,FALSE,,FALSE,,,,,,
,FALSE,FALSE,FALSE,FALSE,FALSE,,FALSE,,,,,,
,FALSE,FALSE,FALSE,FALSE,FALSE,,FALSE,,,,,,
,FALSE,FALSE,FALSE,FALSE,FALSE,,FALSE,,,,,,
,FALSE,FALSE,FALSE,FALSE,FALSE,,FALSE,,,,,,
,FALSE,FALSE,FALSE,FALSE,FALSE,,FALSE,,,,,,
,FALSE,FALSE,FALSE,FALSE,FALSE,,FALSE,,,,,,
,FALSE,FALSE,FALSE,FALSE,FALSE,,FALSE,,,,,,
,FALSE,FALSE,FALSE,FALSE,FALSE,,FALSE,,,,,,
,FALSE,FALSE,FALSE,FALSE,FALSE,,FALSE,,,,,,
,FALSE,FALSE,FALSE,FALSE,FALSE,,FALSE,,,,,,
,FALSE,FALSE,FALSE,FALSE,FALSE,,FALSE,,,,,,
,FALSE,FALSE,FALSE,FALSE,FALSE,,FALSE,,,,,,
,FALSE,FALSE,FALSE,FALSE,FALSE,,FALSE,,,,,,
,FALSE,FALSE,FALSE,FALSE,FALSE,,FALSE,,,,,,
,FALSE,FALSE,FALSE,FALSE,FALSE,,FALSE,,,,,,
,FALSE,FALSE,FALSE,FALSE,FALSE,,FALSE,,,,,,
,FALSE,FALSE,FALSE,FALSE,FALSE,,FALSE,,,,,,
,FALSE,FALSE,FALSE,FALSE,FALSE,,FALSE,,,,,,
,FALSE,FALSE,FALSE,FALSE,FALSE,,FALSE,,,,,,
,FALSE,FALSE,FALSE,FALSE,FALSE,,FALSE,,,,,,
,FALSE,FALSE,FALSE,FALSE,FALSE,,FALSE,,,,,,
,FALSE,FALSE,FALSE,FALSE,FALSE,,FALSE,,,,,,
,FALSE,FALSE,FALSE,FALSE,FALSE,,FALSE,,,,,,
,FALSE,FALSE,FALSE,FALSE,FALSE,,FALSE,,,,,,
,FALSE,FALSE,FALSE,FALSE,FALSE,,FALSE,,,,,,
,FALSE,FALSE,FALSE,FALSE,FALSE,,FALSE,,,,,,
,FALSE,FALSE,FALSE,FALSE,FALSE,,FALSE,,,,,,
,FALSE,FALSE,FALSE,FALSE,FALSE,,FALSE,,,,,,
,FALSE,FALSE,FALSE,FALSE,FALSE,,FALSE,,,,,,
,FALSE,FALSE,FALSE,FALSE,FALSE,,FALSE,,,,,,
,FALSE,FALSE,FALSE,FALSE,FALSE,,FALSE,,,,,,
,FALSE,FALSE,FALSE,FALSE,FALSE,,FALSE,,,,,,
,FALSE,FALSE,FALSE,FALSE,FALSE,,FALSE,,,,,,
,FALSE,FALSE,FALSE,FALSE,FALSE,,FALSE,,,,,,
,FALSE,FALSE,FALSE,FALSE,FALSE,,FALSE,,,,,,
,FALSE,FALSE,FALSE,FALSE,FALSE,,FALSE,,,,,,
,FALSE,FALSE,FALSE,FALSE,FALSE,,FALSE,,,,,,
,FALSE,FALSE,FALSE,FALSE,FALSE,,FALSE,,,,,,
,FALSE,FALSE,FALSE,FALSE,FALSE,,FALSE,,,,,,
,FALSE,FALSE,FALSE,FALSE,FALSE,,FALSE,,,,,,
,FALSE,FALSE,FALSE,FALSE,FALSE,,FALSE,,,,,,
,FALSE,FALSE,FALSE,FALSE,FALSE,,FALSE,,,,,,
,FALSE,FALSE,FALSE,FALSE,FALSE,,FALSE,,,,,,
,FALSE,FALSE,FALSE,FALSE,FALSE,,FALSE,,,,,,
,FALSE,FALSE,FALSE,FALSE,FALSE,,FALSE,,,,,,
,FALSE,FALSE,FALSE,FALSE,FALSE,,FALSE,,,,,,
,FALSE,FALSE,FALSE,FALSE,FALSE,,FALSE,,,,,,
,FALSE,FALSE,FALSE,FALSE,FALSE,,FALSE,,,,,,
,FALSE,FALSE,FALSE,FALSE,FALSE,,FALSE,,,,,,
,FALSE,FALSE,FALSE,FALSE,FALSE,,FALSE,,,,,,
,FALSE,FALSE,FALSE,FALSE,FALSE,,FALSE,,,,,,
,FALSE,FALSE,FALSE,FALSE,FALSE,,FALSE,,,,,,
,FALSE,FALSE,FALSE,FALSE,FALSE,,FALSE,,,,,,
,FALSE,FALSE,FALSE,FALSE,FALSE,,FALSE,,,,,,
,FALSE,FALSE,FALSE,FALSE,FALSE,,FALSE,,,,,,
,FALSE,FALSE,FALSE,FALSE,FALSE,,FALSE,,,,,,
,FALSE,FALSE,FALSE,FALSE,FALSE,,FALSE,,,,,,
,FALSE,FALSE,FALSE,FALSE,FALSE,,FALSE,,,,,,
,FALSE,FALSE,FALSE,FALSE,FALSE,,FALSE,,,,,,
,FALSE,FALSE,FALSE,FALSE,FALSE,,FALSE,,,,,,
,FALSE,FALSE,FALSE,FALSE,FALSE,,FALSE,,,,,,
,FALSE,FALSE,FALSE,FALSE,FALSE,,FALSE,,,,,,
,FALSE,FALSE,FALSE,FALSE,FALSE,,FALSE,,,,,,
,FALSE,FALSE,FALSE,FALSE,FALSE,,FALSE,,,,,,
,FALSE,FALSE,FALSE,FALSE,FALSE,,FALSE,,,,,,
,FALSE,FALSE,FALSE,FALSE,FALSE,,FALSE,,,,,,
,FALSE,FALSE,FALSE,FALSE,FALSE,,FALSE,,,,,,
,FALSE,FALSE,FALSE,FALSE,FALSE,,FALSE,,,,,,
,FALSE,FALSE,FALSE,FALSE,FALSE,,FALSE,,,,,,
,FALSE,FALSE,FALSE,FALSE,FALSE,,FALSE,,,,,,
,FALSE,FALSE,FALSE,FALSE,FALSE,,FALSE,,,,,,
,FALSE,FALSE,FALSE,FALSE,FALSE,,FALSE,,,,,,
,FALSE,FALSE,FALSE,FALSE,FALSE,,FALSE,,,,,,
,FALSE,FALSE,FALSE,FALSE,FALSE,,FALSE,,,,,,
,FALSE,FALSE,FALSE,FALSE,FALSE,,FALSE,,,,,,
,FALSE,FALSE,FALSE,FALSE,FALSE,,FALSE,,,,,,
,FALSE,FALSE,FALSE,FALSE,FALSE,,FALSE,,,,,,
,FALSE,FALSE,FALSE,FALSE,FALSE,,FALSE,,,,,,
,FALSE,FALSE,FALSE,FALSE,FALSE,,FALSE,,,,,,
,FALSE,FALSE,FALSE,FALSE,FALSE,,FALSE,,,,,,
,FALSE,FALSE,FALSE,FALSE,FALSE,,FALSE,,,,,,
,FALSE,FALSE,FALSE,FALSE,FALSE,,FALSE,,,,,,
,FALSE,FALSE,FALSE,FALSE,FALSE,,FALSE,,,,,,
,FALSE,FALSE,FALSE,FALSE,FALSE,,FALSE,,,,,,
,FALSE,FALSE,FALSE,FALSE,FALSE,,FALSE,,,,,,
,FALSE,FALSE,FALSE,FALSE,FALSE,,FALSE,,,,,,
,FALSE,FALSE,FALSE,FALSE,FALSE,,FALSE,,,,,,
,FALSE,FALSE,FALSE,FALSE,FALSE,,FALSE,,,,,,
,FALSE,FALSE,FALSE,FALSE,FALSE,,FALSE,,,,,,
,FALSE,FALSE,FALSE,FALSE,FALSE,,FALSE,,,,,,
,FALSE,FALSE,FALSE,FALSE,FALSE,,FALSE,,,,,,
,FALSE,FALSE,FALSE,FALSE,FALSE,,FALSE,,,,,,
,FALSE,FALSE,FALSE,FALSE,FALSE,,FALSE,,,,,,
,FALSE,FALSE,FALSE,FALSE,FALSE,,FALSE,,,,,,
,FALSE,FALSE,FALSE,FALSE,FALSE,,FALSE,,,,,,
,FALSE,FALSE,FALSE,FALSE,FALSE,,FALSE,,,,,,
,FALSE,FALSE,FALSE,FALSE,FALSE,,FALSE,,,,,,
,FALSE,FALSE,FALSE,FALSE,FALSE,,FALSE,,,,,,
,FALSE,FALSE,FALSE,FALSE,FALSE,,FALSE,,,,,,
,FALSE,FALSE,FALSE,FALSE,FALSE,,FALSE,,,,,,
,FALSE,FALSE,FALSE,FALSE,FALSE,,FALSE,,,,,,
,FALSE,FALSE,FALSE,FALSE,FALSE,,FALSE,,,,,,
,FALSE,FALSE,FALSE,FALSE,FALSE,,FALSE,,,,,,
,FALSE,FALSE,FALSE,FALSE,FALSE,,FALSE,,,,,,
,FALSE,FALSE,FALSE,FALSE,FALSE,,FALSE,,,,,,
,FALSE,FALSE,FALSE,FALSE,FALSE,,FALSE,,,,,,
,FALSE,FALSE,FALSE,FALSE,FALSE,,FALSE,,,,,,
,FALSE,FALSE,FALSE,FALSE,FALSE,,FALSE,,,,,,
,FALSE,FALSE,FALSE,FALSE,FALSE,,FALSE,,,,,,
,FALSE,FALSE,FALSE,FALSE,FALSE,,FALSE,,,,,,
,FALSE,FALSE,FALSE,FALSE,FALSE,,FALSE,,,,,,
,FALSE,FALSE,FALSE,FALSE,FALSE,,FALSE,,,,,,
,FALSE,FALSE,FALSE,FALSE,FALSE,,FALSE,,,,,,
,FALSE,FALSE,FALSE,FALSE,FALSE,,FALSE,,,,,,
,FALSE,FALSE,FALSE,FALSE,FALSE,,FALSE,,,,,,
,FALSE,FALSE,FALSE,FALSE,FALSE,,FALSE,,,,,,
,FALSE,FALSE,FALSE,FALSE,FALSE,,FALSE,,,,,,
,FALSE,FALSE,FALSE,FALSE,FALSE,,FALSE,,,,,,
,FALSE,FALSE,FALSE,FALSE,FALSE,,FALSE,,,,,,
,FALSE,FALSE,FALSE,FALSE,FALSE,,FALSE,,,,,,
,FALSE,FALSE,FALSE,FALSE,FALSE,,FALSE,,,,,,
,FALSE,FALSE,FALSE,FALSE,FALSE,,FALSE,,,,,,
,FALSE,FALSE,FALSE,FALSE,FALSE,,FALSE,,,,,,
,FALSE,FALSE,FALSE,FALSE,FALSE,,FALSE,,,,,,
,FALSE,FALSE,FALSE,FALSE,FALSE,,FALSE,,,,,,
,FALSE,FALSE,FALSE,FALSE,FALSE,,FALSE,,,,,,
,FALSE,FALSE,FALSE,FALSE,FALSE,,FALSE,,,,,,
,FALSE,FALSE,FALSE,FALSE,FALSE,,FALSE,,,,,,
,FALSE,FALSE,FALSE,FALSE,FALSE,,FALSE,,,,,,
,FALSE,FALSE,FALSE,FALSE,FALSE,,FALSE,,,,,,
,FALSE,FALSE,FALSE,FALSE,FALSE,,FALSE,,,,,,
,FALSE,FALSE,FALSE,FALSE,FALSE,,FALSE,,,,,,
,FALSE,FALSE,FALSE,FALSE,FALSE,,FALSE,,,,,,
,FALSE,FALSE,FALSE,FALSE,FALSE,,FALSE,,,,,,
,FALSE,FALSE,FALSE,FALSE,FALSE,,FALSE,,,,,,
,FALSE,FALSE,FALSE,FALSE,FALSE,,FALSE,,,,,,
,FALSE,FALSE,FALSE,FALSE,FALSE,,FALSE,,,,,,
,FALSE,FALSE,FALSE,FALSE,FALSE,,FALSE,,,,,,
,FALSE,FALSE,FALSE,FALSE,FALSE,,FALSE,,,,,,
,FALSE,FALSE,FALSE,FALSE,FALSE,,FALSE,,,,,,
,FALSE,FALSE,FALSE,FALSE,FALSE,,FALSE,,,,,,
,FALSE,FALSE,FALSE,FALSE,FALSE,,FALSE,,,,,,
,FALSE,FALSE,FALSE,FALSE,FALSE,,FALSE,,,,,,
,FALSE,FALSE,FALSE,FALSE,FALSE,,FALSE,,,,,,
,FALSE,FALSE,FALSE,FALSE,FALSE,,FALSE,,,,,,
,FALSE,FALSE,FALSE,FALSE,FALSE,,FALSE,,,,,,
,FALSE,FALSE,FALSE,FALSE,FALSE,,FALSE,,,,,,
,FALSE,FALSE,FALSE,FALSE,FALSE,,FALSE,,,,,,
,FALSE,FALSE,FALSE,FALSE,FALSE,,FALSE,,,,,,
,FALSE,FALSE,FALSE,FALSE,FALSE,,FALSE,,,,,,
,FALSE,FALSE,FALSE,FALSE,FALSE,,FALSE,,,,,,
,FALSE,FALSE,FALSE,FALSE,FALSE,,FALSE,,,,,,
,FALSE,FALSE,FALSE,FALSE,FALSE,,FALSE,,,,,,
,FALSE,FALSE,FALSE,FALSE,FALSE,,FALSE,,,,,,
,FALSE,FALSE,FALSE,FALSE,FALSE,,FALSE,,,,,,
,FALSE,FALSE,FALSE,FALSE,FALSE,,FALSE,,,,,,
,FALSE,FALSE,FALSE,FALSE,FALSE,,FALSE,,,,,,
,FALSE,FALSE,FALSE,FALSE,FALSE,,FALSE,,,,,,
,FALSE,FALSE,FALSE,FALSE,FALSE,,FALSE,,,,,,
,FALSE,FALSE,FALSE,FALSE,FALSE,,FALSE,,,,,,
,FALSE,FALSE,FALSE,FALSE,FALSE,,FALSE,,,,,,
,FALSE,FALSE,FALSE,FALSE,FALSE,,FALSE,,,,,,
,FALSE,FALSE,FALSE,FALSE,FALSE,,FALSE,,,,,,
,FALSE,FALSE,FALSE,FALSE,FALSE,,FALSE,,,,,,
,FALSE,FALSE,FALSE,FALSE,FALSE,,FALSE,,,,,,
,FALSE,FALSE,FALSE,FALSE,FALSE,,FALSE,,,,,,
,FALSE,FALSE,FALSE,FALSE,FALSE,,FALSE,,,,,,
,FALSE,FALSE,FALSE,FALSE,FALSE,,FALSE,,,,,,
,FALSE,FALSE,FALSE,FALSE,FALSE,,FALSE,,,,,,
,FALSE,FALSE,FALSE,FALSE,FALSE,,FALSE,,,,,,
,FALSE,FALSE,FALSE,FALSE,FALSE,,FALSE,,,,,,
,FALSE,FALSE,FALSE,FALSE,FALSE,,FALSE,,,,,,
,FALSE,FALSE,FALSE,FALSE,FALSE,,FALSE,,,,,,
,FALSE,FALSE,FALSE,FALSE,FALSE,,FALSE,,,,,,
,FALSE,FALSE,FALSE,FALSE,FALSE,,FALSE,,,,,,
,FALSE,FALSE,FALSE,FALSE,FALSE,,FALSE,,,,,,
,FALSE,FALSE,FALSE,FALSE,FALSE,,FALSE,,,,,,
,FALSE,FALSE,FALSE,FALSE,FALSE,,FALSE,,,,,,
,FALSE,FALSE,FALSE,FALSE,FALSE,,FALSE,,,,,,
,FALSE,FALSE,FALSE,FALSE,FALSE,,FALSE,,,,,,
,FALSE,FALSE,FALSE,FALSE,FALSE,,FALSE,,,,,,
,FALSE,FALSE,FALSE,FALSE,FALSE,,FALSE,,,,,,
,FALSE,FALSE,FALSE,FALSE,FALSE,,FALSE,,,,,,
,FALSE,FALSE,FALSE,FALSE,FALSE,,FALSE,,,,,,
,FALSE,FALSE,FALSE,FALSE,FALSE,,FALSE,,,,,,
,FALSE,FALSE,FALSE,FALSE,FALSE,,FALSE,,,,,,
,FALSE,FALSE,FALSE,FALSE,FALSE,,FALSE,,,,,,
,FALSE,FALSE,FALSE,FALSE,FALSE,,FALSE,,,,,,
,FALSE,FALSE,FALSE,FALSE,FALSE,,FALSE,,,,,,
,FALSE,FALSE,FALSE,FALSE,FALSE,,FALSE,,,,,,
,FALSE,FALSE,FALSE,FALSE,FALSE,,FALSE,,,,,,
,FALSE,FALSE,FALSE,FALSE,FALSE,,FALSE,,,,,,
,FALSE,FALSE,FALSE,FALSE,FALSE,,FALSE,,,,,,
,FALSE,FALSE,FALSE,FALSE,FALSE,,FALSE,,,,,,
,FALSE,FALSE,FALSE,FALSE,FALSE,,FALSE,,,,,,
,FALSE,FALSE,FALSE,FALSE,FALSE,,FALSE,,,,,,
,FALSE,FALSE,FALSE,FALSE,FALSE,,FALSE,,,,,,
,FALSE,FALSE,FALSE,FALSE,FALSE,,FALSE,,,,,,
,FALSE,FALSE,FALSE,FALSE,FALSE,,FALSE,,,,,,
,FALSE,FALSE,FALSE,FALSE,FALSE,,FALSE,,,,,,
,FALSE,FALSE,FALSE,FALSE,FALSE,,FALSE,,,,,,
,FALSE,FALSE,FALSE,FALSE,FALSE,,FALSE,,,,,,
,FALSE,FALSE,FALSE,FALSE,FALSE,,FALSE,,,,,,
,FALSE,FALSE,FALSE,FALSE,FALSE,,FALSE,,,,,,
,FALSE,FALSE,FALSE,FALSE,FALSE,,FALSE,,,,,,
,FALSE,FALSE,FALSE,FALSE,FALSE,,FALSE,,,,,,
,FALSE,FALSE,FALSE,FALSE,FALSE,,FALSE,,,,,,
,FALSE,FALSE,FALSE,FALSE,FALSE,,FALSE,,,,,,
,FALSE,FALSE,FALSE,FALSE,FALSE,,FALSE,,,,,,
,FALSE,FALSE,FALSE,FALSE,FALSE,,FALSE,,,,,,
,FALSE,FALSE,FALSE,FALSE,FALSE,,FALSE,,,,,,
,FALSE,FALSE,FALSE,FALSE,FALSE,,FALSE,,,,,,
,FALSE,FALSE,FALSE,FALSE,FALSE,,FALSE,,,,,,
,FALSE,FALSE,FALSE,FALSE,FALSE,,FALSE,,,,,,
,FALSE,FALSE,FALSE,FALSE,FALSE,,FALSE,,,,,,
,FALSE,FALSE,FALSE,FALSE,FALSE,,FALSE,,,,,,
,FALSE,FALSE,FALSE,FALSE,FALSE,,FALSE,,,,,,
,FALSE,FALSE,FALSE,FALSE,FALSE,,FALSE,,,,,,
,FALSE,FALSE,FALSE,FALSE,FALSE,,FALSE,,,,,,
,FALSE,FALSE,FALSE,FALSE,FALSE,,FALSE,,,,,,
,FALSE,FALSE,FALSE,FALSE,FALSE,,FALSE,,,,,,
,FALSE,FALSE,FALSE,FALSE,FALSE,,FALSE,,,,,,
,FALSE,FALSE,FALSE,FALSE,FALSE,,FALSE,,,,,,
,FALSE,FALSE,FALSE,FALSE,FALSE,,FALSE,,,,,,
,FALSE,FALSE,FALSE,FALSE,FALSE,,FALSE,,,,,,
,FALSE,FALSE,FALSE,FALSE,FALSE,,FALSE,,,,,,
,FALSE,FALSE,FALSE,FALSE,FALSE,,FALSE,,,,,,
,FALSE,FALSE,FALSE,FALSE,FALSE,,FALSE,,,,,,
,FALSE,FALSE,FALSE,FALSE,FALSE,,FALSE,,,,,,
,FALSE,FALSE,FALSE,FALSE,FALSE,,FALSE,,,,,,
,FALSE,FALSE,FALSE,FALSE,FALSE,,FALSE,,,,,,
,FALSE,FALSE,FALSE,FALSE,FALSE,,FALSE,,,,,,
,FALSE,FALSE,FALSE,FALSE,FALSE,,FALSE,,,,,,
,FALSE,FALSE,FALSE,FALSE,FALSE,,FALSE,,,,,,
,FALSE,FALSE,FALSE,FALSE,FALSE,,FALSE,,,,,,
,FALSE,FALSE,FALSE,FALSE,FALSE,,FALSE,,,,,,
,FALSE,FALSE,FALSE,FALSE,FALSE,,FALSE,,,,,,
,FALSE,FALSE,FALSE,FALSE,FALSE,,FALSE,,,,,,
,FALSE,FALSE,FALSE,FALSE,FALSE,,FALSE,,,,,,
,FALSE,FALSE,FALSE,FALSE,FALSE,,FALSE,,,,,,
,FALSE,FALSE,FALSE,FALSE,FALSE,,FALSE,,,,,,
,FALSE,FALSE,FALSE,FALSE,FALSE,,FALSE,,,,,,
,FALSE,FALSE,FALSE,FALSE,FALSE,,FALSE,,,,,,
,FALSE,FALSE,FALSE,FALSE,FALSE,,FALSE,,,,,,
,FALSE,FALSE,FALSE,FALSE,FALSE,,FALSE,,,,,,
,FALSE,FALSE,FALSE,FALSE,FALSE,,FALSE,,,,,,
,FALSE,FALSE,FALSE,FALSE,FALSE,,FALSE,,,,,,
,FALSE,FALSE,FALSE,FALSE,FALSE,,FALSE,,,,,,
,FALSE,FALSE,FALSE,FALSE,FALSE,,FALSE,,,,,,
,FALSE,FALSE,FALSE,FALSE,FALSE,,FALSE,,,,,,
,FALSE,FALSE,FALSE,FALSE,FALSE,,FALSE,,,,,,
,FALSE,FALSE,FALSE,FALSE,FALSE,,FALSE,,,,,,
,FALSE,FALSE,FALSE,FALSE,FALSE,,FALSE,,,,,,
,FALSE,FALSE,FALSE,FALSE,FALSE,,FALSE,,,,,,
,FALSE,FALSE,FALSE,FALSE,FALSE,,FALSE,,,,,,
,FALSE,FALSE,FALSE,FALSE,FALSE,,FALSE,,,,,,
,FALSE,FALSE,FALSE,FALSE,FALSE,,FALSE,,,,,,
,FALSE,FALSE,FALSE,FALSE,FALSE,,FALSE,,,,,,
,FALSE,FALSE,FALSE,FALSE,FALSE,,FALSE,,,,,,
,FALSE,FALSE,FALSE,FALSE,FALSE,,FALSE,,,,,,
,FALSE,FALSE,FALSE,FALSE,FALSE,,FALSE,,,,,,
,FALSE,FALSE,FALSE,FALSE,FALSE,,FALSE,,,,,,
,FALSE,FALSE,FALSE,FALSE,FALSE,,FALSE,,,,,,
,FALSE,FALSE,FALSE,FALSE,FALSE,,FALSE,,,,,,
,FALSE,FALSE,FALSE,FALSE,FALSE,,FALSE,,,,,,
,FALSE,FALSE,FALSE,FALSE,FALSE,,FALSE,,,,,,
,FALSE,FALSE,FALSE,FALSE,FALSE,,FALSE,,,,,,
,FALSE,FALSE,FALSE,FALSE,FALSE,,FALSE,,,,,,
,FALSE,FALSE,FALSE,FALSE,FALSE,,FALSE,,,,,,
,FALSE,FALSE,FALSE,FALSE,FALSE,,FALSE,,,,,,
,FALSE,FALSE,FALSE,FALSE,FALSE,,FALSE,,,,,,
,FALSE,FALSE,FALSE,FALSE,FALSE,,FALSE,,,,,,
,FALSE,FALSE,FALSE,FALSE,FALSE,,FALSE,,,,,,
,FALSE,FALSE,FALSE,FALSE,FALSE,,FALSE,,,,,,
,FALSE,FALSE,FALSE,FALSE,FALSE,,FALSE,,,,,,
,FALSE,FALSE,FALSE,FALSE,FALSE,,FALSE,,,,,,
,FALSE,FALSE,FALSE,FALSE,FALSE,,FALSE,,,,,,
,FALSE,FALSE,FALSE,FALSE,FALSE,,FALSE,,,,,,
,FALSE,FALSE,FALSE,FALSE,FALSE,,FALSE,,,,,,
,FALSE,FALSE,FALSE,FALSE,FALSE,,FALSE,,,,,,
,FALSE,FALSE,FALSE,FALSE,FALSE,,FALSE,,,,,,
,FALSE,FALSE,FALSE,FALSE,FALSE,,FALSE,,,,,,
,FALSE,FALSE,FALSE,FALSE,FALSE,,FALSE,,,,,,
,FALSE,FALSE,FALSE,FALSE,FALSE,,FALSE,,,,,,
,FALSE,FALSE,FALSE,FALSE,FALSE,,FALSE,,,,,,
,FALSE,FALSE,FALSE,FALSE,FALSE,,FALSE,,,,,,
,FALSE,FALSE,FALSE,FALSE,FALSE,,FALSE,,,,,,
,FALSE,FALSE,FALSE,FALSE,FALSE,,FALSE,,,,,,
,FALSE,FALSE,FALSE,FALSE,FALSE,,FALSE,,,,,,
,FALSE,FALSE,FALSE,FALSE,FALSE,,FALSE,,,,,,
,FALSE,FALSE,FALSE,FALSE,FALSE,,FALSE,,,,,,
,FALSE,FALSE,FALSE,FALSE,FALSE,,FALSE,,,,,,
,FALSE,FALSE,FALSE,FALSE,FALSE,,FALSE,,,,,,
,FALSE,FALSE,FALSE,FALSE,FALSE,,FALSE,,,,,,
,FALSE,FALSE,FALSE,FALSE,FALSE,,FALSE,,,,,,
,FALSE,FALSE,FALSE,FALSE,FALSE,,FALSE,,,,,,
,FALSE,FALSE,FALSE,FALSE,FALSE,,FALSE,,,,,,
,FALSE,FALSE,FALSE,FALSE,FALSE,,FALSE,,,,,,
,FALSE,FALSE,FALSE,FALSE,FALSE,,FALSE,,,,,,
,FALSE,FALSE,FALSE,FALSE,FALSE,,FALSE,,,,,,
,FALSE,FALSE,FALSE,FALSE,FALSE,,FALSE,,,,,,
,FALSE,FALSE,FALSE,FALSE,FALSE,,FALSE,,,,,,
,FALSE,FALSE,FALSE,FALSE,FALSE,,FALSE,,,,,,
,FALSE,FALSE,FALSE,FALSE,FALSE,,FALSE,,,,,,
,FALSE,FALSE,FALSE,FALSE,FALSE,,FALSE,,,,,,
,FALSE,FALSE,FALSE,FALSE,FALSE,,FALSE,,,,,,
,FALSE,FALSE,FALSE,FALSE,FALSE,,FALSE,,,,,,
,FALSE,FALSE,FALSE,FALSE,FALSE,,FALSE,,,,,,
,FALSE,FALSE,FALSE,FALSE,FALSE,,FALSE,,,,,,
,FALSE,FALSE,FALSE,FALSE,FALSE,,FALSE,,,,,,
,FALSE,FALSE,FALSE,FALSE,FALSE,,FALSE,,,,,,
,FALSE,FALSE,FALSE,FALSE,FALSE,,FALSE,,,,,,
,FALSE,FALSE,FALSE,FALSE,FALSE,,FALSE,,,,,,
,FALSE,FALSE,FALSE,FALSE,FALSE,,FALSE,,,,,,
,FALSE,FALSE,FALSE,FALSE,FALSE,,FALSE,,,,,,
,FALSE,FALSE,FALSE,FALSE,FALSE,,FALSE,,,,,,
,FALSE,FALSE,FALSE,FALSE,FALSE,,FALSE,,,,,,
,FALSE,FALSE,FALSE,FALSE,FALSE,,FALSE,,,,,,
,FALSE,FALSE,FALSE,FALSE,FALSE,,FALSE,,,,,,
,FALSE,FALSE,FALSE,FALSE,FALSE,,FALSE,,,,,,
,FALSE,FALSE,FALSE,FALSE,FALSE,,FALSE,,,,,,
,FALSE,FALSE,FALSE,FALSE,FALSE,,FALSE,,,,,,
,FALSE,FALSE,FALSE,FALSE,FALSE,,FALSE,,,,,,
,FALSE,FALSE,FALSE,FALSE,FALSE,,FALSE,,,,,,
,FALSE,FALSE,FALSE,FALSE,FALSE,,FALSE,,,,,,
,FALSE,FALSE,FALSE,FALSE,FALSE,,FALSE,,,,,,
,FALSE,FALSE,FALSE,FALSE,FALSE,,FALSE,,,,,,
,FALSE,FALSE,FALSE,FALSE,FALSE,,FALSE,,,,,,
,FALSE,FALSE,FALSE,FALSE,FALSE,,FALSE,,,,,,
,FALSE,FALSE,FALSE,FALSE,FALSE,,FALSE,,,,,,
,FALSE,FALSE,FALSE,FALSE,FALSE,,FALSE,,,,,,
,FALSE,FALSE,FALSE,FALSE,FALSE,,FALSE,,,,,,
,FALSE,FALSE,FALSE,FALSE,FALSE,,FALSE,,,,,,
,FALSE,FALSE,FALSE,FALSE,FALSE,,FALSE,,,,,,
,FALSE,FALSE,FALSE,FALSE,FALSE,,FALSE,,,,,,
,FALSE,FALSE,FALSE,FALSE,FALSE,,FALSE,,,,,,
,FALSE,FALSE,FALSE,FALSE,FALSE,,FALSE,,,,,,
,FALSE,FALSE,FALSE,FALSE,FALSE,,FALSE,,,,,,
,FALSE,FALSE,FALSE,FALSE,FALSE,,FALSE,,,,,,
,FALSE,FALSE,FALSE,FALSE,FALSE,,FALSE,,,,,,
,FALSE,FALSE,FALSE,FALSE,FALSE,,FALSE,,,,,,
,FALSE,FALSE,FALSE,FALSE,FALSE,,FALSE,,,,,,
,FALSE,FALSE,FALSE,FALSE,FALSE,,FALSE,,,,,,
,FALSE,FALSE,FALSE,FALSE,FALSE,,FALSE,,,,,,
,FALSE,FALSE,FALSE,FALSE,FALSE,,FALSE,,,,,,
,FALSE,FALSE,FALSE,FALSE,FALSE,,FALSE,,,,,,
,FALSE,FALSE,FALSE,FALSE,FALSE,,FALSE,,,,,,
,FALSE,FALSE,FALSE,FALSE,FALSE,,FALSE,,,,,,
,FALSE,FALSE,FALSE,FALSE,FALSE,,FALSE,,,,,,
,FALSE,FALSE,FALSE,FALSE,FALSE,,FALSE,,,,,,
,FALSE,FALSE,FALSE,FALSE,FALSE,,FALSE,,,,,,
,FALSE,FALSE,FALSE,FALSE,FALSE,,FALSE,,,,,,
,FALSE,FALSE,FALSE,FALSE,FALSE,,FALSE,,,,,,
,FALSE,FALSE,FALSE,FALSE,FALSE,,FALSE,,,,,,
,FALSE,FALSE,FALSE,FALSE,FALSE,,FALSE,,,,,,
,FALSE,FALSE,FALSE,FALSE,FALSE,,FALSE,,,,,,
,FALSE,FALSE,FALSE,FALSE,FALSE,,FALSE,,,,,,
,FALSE,FALSE,FALSE,FALSE,FALSE,,FALSE,,,,,,
,FALSE,FALSE,FALSE,FALSE,FALSE,,FALSE,,,,,,
,FALSE,FALSE,FALSE,FALSE,FALSE,,FALSE,,,,,,
,FALSE,FALSE,FALSE,FALSE,FALSE,,FALSE,,,,,,
,FALSE,FALSE,FALSE,FALSE,FALSE,,FALSE,,,,,,
,FALSE,FALSE,FALSE,FALSE,FALSE,,FALSE,,,,,,
,FALSE,FALSE,FALSE,FALSE,FALSE,,FALSE,,,,,,
,FALSE,FALSE,FALSE,FALSE,FALSE,,FALSE,,,,,,
,FALSE,FALSE,FALSE,FALSE,FALSE,,FALSE,,,,,,
,FALSE,FALSE,FALSE,FALSE,FALSE,,FALSE,,,,,,
,FALSE,FALSE,FALSE,FALSE,FALSE,,FALSE,,,,,,
,FALSE,FALSE,FALSE,FALSE,FALSE,,FALSE,,,,,,
,FALSE,FALSE,FALSE,FALSE,FALSE,,FALSE,,,,,,
,FALSE,FALSE,FALSE,FALSE,FALSE,,FALSE,,,,,,
,FALSE,FALSE,FALSE,FALSE,FALSE,,FALSE,,,,,,
,FALSE,FALSE,FALSE,FALSE,FALSE,,FALSE,,,,,,
,FALSE,FALSE,FALSE,FALSE,FALSE,,FALSE,,,,,,
,FALSE,FALSE,FALSE,FALSE,FALSE,,FALSE,,,,,,
,FALSE,FALSE,FALSE,FALSE,FALSE,,FALSE,,,,,,
,FALSE,FALSE,FALSE,FALSE,FALSE,,FALSE,,,,,,
,FALSE,FALSE,FALSE,FALSE,FALSE,,FALSE,,,,,,
,FALSE,FALSE,FALSE,FALSE,FALSE,,FALSE,,,,,,
,FALSE,FALSE,FALSE,FALSE,FALSE,,FALSE,,,,,,
,FALSE,FALSE,FALSE,FALSE,FALSE,,FALSE,,,,,,
,FALSE,FALSE,FALSE,FALSE,FALSE,,FALSE,,,,,,
,FALSE,FALSE,FALSE,FALSE,FALSE,,FALSE,,,,,,
,FALSE,FALSE,FALSE,FALSE,FALSE,,FALSE,,,,,,
,FALSE,FALSE,FALSE,FALSE,FALSE,,FALSE,,,,,,
,FALSE,FALSE,FALSE,FALSE,FALSE,,FALSE,,,,,,
,FALSE,FALSE,FALSE,FALSE,FALSE,,FALSE,,,,,,
,FALSE,FALSE,FALSE,FALSE,FALSE,,FALSE,,,,,,
,FALSE,FALSE,FALSE,FALSE,FALSE,,FALSE,,,,,,
,FALSE,FALSE,FALSE,FALSE,FALSE,,FALSE,,,,,,
,FALSE,FALSE,FALSE,FALSE,FALSE,,FALSE,,,,,,
,FALSE,FALSE,FALSE,FALSE,FALSE,,FALSE,,,,,,
,FALSE,FALSE,FALSE,FALSE,FALSE,,FALSE,,,,,,
,FALSE,FALSE,FALSE,FALSE,FALSE,,FALSE,,,,,,
,FALSE,FALSE,FALSE,FALSE,FALSE,,FALSE,,,,,,
,FALSE,FALSE,FALSE,FALSE,FALSE,,FALSE,,,,,,
,FALSE,FALSE,FALSE,FALSE,FALSE,,FALSE,,,,,,
,FALSE,FALSE,FALSE,FALSE,FALSE,,FALSE,,,,,,
,FALSE,FALSE,FALSE,FALSE,FALSE,,FALSE,,,,,,
,FALSE,FALSE,FALSE,FALSE,FALSE,,FALSE,,,,,,
,FALSE,FALSE,FALSE,FALSE,FALSE,,FALSE,,,,,,
,FALSE,FALSE,FALSE,FALSE,FALSE,,FALSE,,,,,,
,FALSE,FALSE,FALSE,FALSE,FALSE,,FALSE,,,,,,
,FALSE,FALSE,FALSE,FALSE,FALSE,,FALSE,,,,,,
,FALSE,FALSE,FALSE,FALSE,FALSE,,FALSE,,,,,,
,FALSE,FALSE,FALSE,FALSE,FALSE,,FALSE,,,,,,
,FALSE,FALSE,FALSE,FALSE,FALSE,,FALSE,,,,,,
,FALSE,FALSE,FALSE,FALSE,FALSE,,FALSE,,,,,,
,FALSE,FALSE,FALSE,FALSE,FALSE,,FALSE,,,,,,
,FALSE,FALSE,FALSE,FALSE,FALSE,,FALSE,,,,,,
,FALSE,FALSE,FALSE,FALSE,FALSE,,FALSE,,,,,,
,FALSE,FALSE,FALSE,FALSE,FALSE,,FALSE,,,,,,
,FALSE,FALSE,FALSE,FALSE,FALSE,,FALSE,,,,,,
,FALSE,FALSE,FALSE,FALSE,FALSE,,FALSE,,,,,,
,FALSE,FALSE,FALSE,FALSE,FALSE,,FALSE,,,,,,
,FALSE,FALSE,FALSE,FALSE,FALSE,,FALSE,,,,,,
,FALSE,FALSE,FALSE,FALSE,FALSE,,FALSE,,,,,,
,FALSE,FALSE,FALSE,FALSE,FALSE,,FALSE,,,,,,
,FALSE,FALSE,FALSE,FALSE,FALSE,,FALSE,,,,,,
,FALSE,FALSE,FALSE,FALSE,FALSE,,FALSE,,,,,,
,FALSE,FALSE,FALSE,FALSE,FALSE,,FALSE,,,,,,
,FALSE,FALSE,FALSE,FALSE,FALSE,,FALSE,,,,,,
,FALSE,FALSE,FALSE,FALSE,FALSE,,FALSE,,,,,,
,FALSE,FALSE,FALSE,FALSE,FALSE,,FALSE,,,,,,
,FALSE,FALSE,FALSE,FALSE,FALSE,,FALSE,,,,,,
,FALSE,FALSE,FALSE,FALSE,FALSE,,FALSE,,,,,,
,FALSE,FALSE,FALSE,FALSE,FALSE,,FALSE,,,,,,
,FALSE,FALSE,FALSE,FALSE,FALSE,,FALSE,,,,,,
,FALSE,FALSE,FALSE,FALSE,FALSE,,FALSE,,,,,,
,FALSE,FALSE,FALSE,FALSE,FALSE,,FALSE,,,,,,
,FALSE,FALSE,FALSE,FALSE,FALSE,,FALSE,,,,,,
,FALSE,FALSE,FALSE,FALSE,FALSE,,FALSE,,,,,,
,FALSE,FALSE,FALSE,FALSE,FALSE,,FALSE,,,,,,
,FALSE,FALSE,FALSE,FALSE,FALSE,,FALSE,,,,,,
,FALSE,FALSE,FALSE,FALSE,FALSE,,FALSE,,,,,,
,FALSE,FALSE,FALSE,FALSE,FALSE,,FALSE,,,,,,
,FALSE,FALSE,FALSE,FALSE,FALSE,,FALSE,,,,,,
,FALSE,FALSE,FALSE,FALSE,FALSE,,FALSE,,,,,,
,FALSE,FALSE,FALSE,FALSE,FALSE,,FALSE,,,,,,
,FALSE,FALSE,FALSE,FALSE,FALSE,,FALSE,,,,,,
,FALSE,FALSE,FALSE,FALSE,FALSE,,FALSE,,,,,,
,FALSE,FALSE,FALSE,FALSE,FALSE,,FALSE,,,,,,
,FALSE,FALSE,FALSE,FALSE,FALSE,,FALSE,,,,,,
,FALSE,FALSE,FALSE,FALSE,FALSE,,FALSE,,,,,,
,FALSE,FALSE,FALSE,FALSE,FALSE,,FALSE,,,,,,
,FALSE,FALSE,FALSE,FALSE,FALSE,,FALSE,,,,,,
,FALSE,FALSE,FALSE,FALSE,FALSE,,FALSE,,,,,,
,FALSE,FALSE,FALSE,FALSE,FALSE,,FALSE,,,,,,
,FALSE,FALSE,FALSE,FALSE,FALSE,,FALSE,,,,,,
,FALSE,FALSE,FALSE,FALSE,FALSE,,FALSE,,,,,,
,FALSE,FALSE,FALSE,FALSE,FALSE,,FALSE,,,,,,
,FALSE,FALSE,FALSE,FALSE,FALSE,,FALSE,,,,,,
,FALSE,FALSE,FALSE,FALSE,FALSE,,FALSE,,,,,,
,FALSE,FALSE,FALSE,FALSE,FALSE,,FALSE,,,,,,
,FALSE,FALSE,FALSE,FALSE,FALSE,,FALSE,,,,,,
,FALSE,FALSE,FALSE,FALSE,FALSE,,FALSE,,,,,,
,FALSE,FALSE,FALSE,FALSE,FALSE,,FALSE,,,,,,
,FALSE,FALSE,FALSE,FALSE,FALSE,,FALSE,,,,,,
,FALSE,FALSE,FALSE,FALSE,FALSE,,FALSE,,,,,,
,FALSE,FALSE,FALSE,FALSE,FALSE,,FALSE,,,,,,
,FALSE,FALSE,FALSE,FALSE,FALSE,,FALSE,,,,,,
,FALSE,FALSE,FALSE,FALSE,FALSE,,FALSE,,,,,,
,FALSE,FALSE,FALSE,FALSE,FALSE,,FALSE,,,,,,
,FALSE,FALSE,FALSE,FALSE,FALSE,,FALSE,,,,,,
,FALSE,FALSE,FALSE,FALSE,FALSE,,FALSE,,,,,,
,FALSE,FALSE,FALSE,FALSE,FALSE,,FALSE,,,,,,
,FALSE,FALSE,FALSE,FALSE,FALSE,,FALSE,,,,,,
,FALSE,FALSE,FALSE,FALSE,FALSE,,FALSE,,,,,,
,FALSE,FALSE,FALSE,FALSE,FALSE,,FALSE,,,,,,
,FALSE,FALSE,FALSE,FALSE,FALSE,,FALSE,,,,,,
,FALSE,FALSE,FALSE,FALSE,FALSE,,FALSE,,,,,,
,FALSE,FALSE,FALSE,FALSE,FALSE,,FALSE,,,,,,
,FALSE,FALSE,FALSE,FALSE,FALSE,,FALSE,,,,,,
,FALSE,FALSE,FALSE,FALSE,FALSE,,FALSE,,,,,,
,FALSE,FALSE,FALSE,FALSE,FALSE,,FALSE,,,,,,
,FALSE,FALSE,FALSE,FALSE,FALSE,,FALSE,,,,,,
,FALSE,FALSE,FALSE,FALSE,FALSE,,FALSE,,,,,,
,FALSE,FALSE,FALSE,FALSE,FALSE,,FALSE,,,,,,
,FALSE,FALSE,FALSE,FALSE,FALSE,,FALSE,,,,,,
,FALSE,FALSE,FALSE,FALSE,FALSE,,FALSE,,,,,,
,FALSE,FALSE,FALSE,FALSE,FALSE,,FALSE,,,,,,
,FALSE,FALSE,FALSE,FALSE,FALSE,,FALSE,,,,,,
,FALSE,FALSE,FALSE,FALSE,FALSE,,FALSE,,,,,,
,FALSE,FALSE,FALSE,FALSE,FALSE,,FALSE,,,,,,
,FALSE,FALSE,FALSE,FALSE,FALSE,,FALSE,,,,,,
,FALSE,FALSE,FALSE,FALSE,FALSE,,FALSE,,,,,,
,FALSE,FALSE,FALSE,FALSE,FALSE,,FALSE,,,,,,
,FALSE,FALSE,FALSE,FALSE,FALSE,,FALSE,,,,,,
,FALSE,FALSE,FALSE,FALSE,FALSE,,FALSE,,,,,,
,FALSE,FALSE,FALSE,FALSE,FALSE,,FALSE,,,,,,
,FALSE,FALSE,FALSE,FALSE,FALSE,,FALSE,,,,,,
,FALSE,FALSE,FALSE,FALSE,FALSE,,FALSE,,,,,,
,FALSE,FALSE,FALSE,FALSE,FALSE,,FALSE,,,,,,
,FALSE,FALSE,FALSE,FALSE,FALSE,,FALSE,,,,,,
,FALSE,FALSE,FALSE,FALSE,FALSE,,FALSE,,,,,,
,FALSE,FALSE,FALSE,FALSE,FALSE,,FALSE,,,,,,
,FALSE,FALSE,FALSE,FALSE,FALSE,,FALSE,,,,,,
,FALSE,FALSE,FALSE,FALSE,FALSE,,FALSE,,,,,,
,FALSE,FALSE,FALSE,FALSE,FALSE,,FALSE,,,,,,
,FALSE,FALSE,FALSE,FALSE,FALSE,,FALSE,,,,,,
,FALSE,FALSE,FALSE,FALSE,FALSE,,FALSE,,,,,,
,FALSE,FALSE,FALSE,FALSE,FALSE,,FALSE,,,,,,
,FALSE,FALSE,FALSE,FALSE,FALSE,,FALSE,,,,,,
,FALSE,FALSE,FALSE,FALSE,FALSE,,FALSE,,,,,,
,FALSE,FALSE,FALSE,FALSE,FALSE,,FALSE,,,,,,
,FALSE,FALSE,FALSE,FALSE,FALSE,,FALSE,,,,,,
,FALSE,FALSE,FALSE,FALSE,FALSE,,FALSE,,,,,,
,FALSE,FALSE,FALSE,FALSE,FALSE,,FALSE,,,,,,
,FALSE,FALSE,FALSE,FALSE,FALSE,,FALSE,,,,,,
,FALSE,FALSE,FALSE,FALSE,FALSE,,FALSE,,,,,,
,FALSE,FALSE,FALSE,FALSE,FALSE,,FALSE,,,,,,
,FALSE,FALSE,FALSE,FALSE,FALSE,,FALSE,,,,,,
,FALSE,FALSE,FALSE,FALSE,FALSE,,FALSE,,,,,,
,FALSE,FALSE,FALSE,FALSE,FALSE,,FALSE,,,,,,
,FALSE,FALSE,FALSE,FALSE,FALSE,,FALSE,,,,,,
,FALSE,FALSE,FALSE,FALSE,FALSE,,FALSE,,,,,,
,FALSE,FALSE,FALSE,FALSE,FALSE,,FALSE,,,,,,
,FALSE,FALSE,FALSE,FALSE,FALSE,,FALSE,,,,,,
,FALSE,FALSE,FALSE,FALSE,FALSE,,FALSE,,,,,,
,FALSE,FALSE,FALSE,FALSE,FALSE,,FALSE,,,,,,
,FALSE,FALSE,FALSE,FALSE,FALSE,,FALSE,,,,,,
,FALSE,FALSE,FALSE,FALSE,FALSE,,FALSE,,,,,,
,FALSE,FALSE,FALSE,FALSE,FALSE,,FALSE,,,,,,